train_losses,val_losses
0.5013996688361021,0.5017644152408693
