train_losses,val_losses
0.5004038458171579,0.502606971961696
