train_losses,val_losses
0.5013986588599756,0.501671040930399
